Year,Variables,Jan,Feb,Mar,Apr,May,Jun,Jul,Aug,Sep,Oct,Nov,Dec
2023,Merchandise Exports Less Imports_Trade Balance (Millions of US Dollars),513.99,377.65,483.67,225.08,0.00,0.00,0.00,0.00,0.00,0.00,0.00,0.00
2023,Merchandise Imports_Non-Oil (Millions of US Dollars),702.65,635.14,743.27,762.61,0.00,0.00,0.00,0.00,0.00,0.00,0.00,0.00
2023,Merchandise Imports_Oil & Gas  (Millions of US Dollars),303.89,308.19,297.82,294.97,0.00,0.00,0.00,0.00,0.00,0.00,0.00,0.00
2023,Merchandise Imports (f.o.b) (Millions of US Dollars),1006.53,943.33,1041.09,1057.57,0.00,0.00,0.00,0.00,0.00,0.00,0.00,0.00
2023,Merchandise Exports_Other Exports  (Millions of US Dollars),215.02,256.76,279.24,259.46,0.00,0.00,0.00,0.00,0.00,0.00,0.00,0.00
2023,Merchandise Exports_Crude Oil (Millions of US Dollars),322.78,228.55,301.19,318.13,0.00,0.00,0.00,0.00,0.00,0.00,0.00,0.00
2023,Merchandise Exports_Cocoa Products (Millions of US Dollars),81.49,77.11,90.75,51.42,0.00,0.00,0.00,0.00,0.00,0.00,0.00,0.00
2023,Merchandise Exports_Timber and Timber Products (Millions of US Dollars),11.55,10.45,10.07,11.23,0.00,0.00,0.00,0.00,0.00,0.00,0.00,0.00
2023,Merchandise Exports_Cocoa Beans  (Millions of US Dollars),331.39,224.13,218.86,176.46,0.00,0.00,0.00,0.00,0.00,0.00,0.00,0.00
2023,Merchandise Exports_Gold (Millions of US Dollars),558.28,523.98,624.65,465.96,0.00,0.00,0.00,0.00,0.00,0.00,0.00,0.00
2023,Merchandise Exports (f.o.b) (Millions of US Dollars),1520.53,1320.98,1524.76,1282.65,0.00,0.00,0.00,0.00,0.00,0.00,0.00,0.00
2022,Merchandise Exports_Other Exports  (Millions of US Dollars),236.80,223.55,314.69,263.18,233.23,239.74,269.26,242.48,254.29,209.56,252.68,245.49
2022,Merchandise Imports (f.o.b) (Millions of US Dollars),1135.17,1147.81,1261.94,1159.53,1328.37,1369.91,1530.28,1331.24,1218.56,1026.36,1036.75,1107.05
2022,Merchandise Imports_Non-Oil (Millions of US Dollars),888.66,799.84,877.67,851.93,879.82,886.31,950.00,880.39,761.77,718.35,701.27,798.06
2022,Merchandise Exports Less Imports_Trade Balance (Millions of US Dollars),83.36,122.49,666.99,280.31,115.93,205.26,67.06,149.30,40.56,261.58,444.36,450.75
2022,Merchandise Imports_Oil & Gas  (Millions of US Dollars),246.51,347.97,384.27,307.60,448.55,483.60,580.28,450.84,456.79,308.01,335.48,308.99
2022,Merchandise Exports_Crude Oil (Millions of US Dollars),328.87,359.90,651.66,510.33,431.98,550.74,520.20,474.09,342.59,443.73,422.08,392.45
2022,Merchandise Exports_Timber and Timber Products (Millions of US Dollars),11.37,10.45,11.87,14.23,13.99,12.95,16.47,16.29,13.19,12.08,12.12,10.45
2022,Merchandise Exports_Cocoa Products (Millions of US Dollars),77.64,80.00,87.71,71.37,88.64,103.98,83.90,83.21,65.93,64.57,79.92,100.04
2022,Merchandise Exports (f.o.b) (Millions of US Dollars),1218.52,1270.30,1928.93,1439.84,1444.30,1575.17,1463.22,1480.54,1259.12,1287.93,1481.12,1557.80
2022,Merchandise Exports_Gold (Millions of US Dollars),392.87,431.68,549.07,500.66,563.28,587.82,550.11,651.24,575.04,530.31,627.34,649.00
2022,Merchandise Exports_Cocoa Beans  (Millions of US Dollars),170.97,164.72,313.93,80.08,113.19,79.93,23.28,13.23,8.09,27.68,86.98,160.36
2021,Merchandise Exports Less Imports_Trade Balance (Millions of US Dollars),219.89,212.81,199.71,145.60,20.86,88.00,35.98,30.48,87.71,41.25,7.90,69.73
2021,Merchandise Imports_Non-Oil (Millions of US Dollars),921.05,902.34,969.91,873.89,971.66,905.99,949.06,841.12,863.04,865.89,932.45,912.94
2021,Merchandise Imports_Oil & Gas  (Millions of US Dollars),214.39,124.08,197.47,228.76,248.78,204.07,230.41,219.72,193.23,219.50,358.94,279.81
2021,Merchandise Imports (f.o.b) (Millions of US Dollars),1135.44,1026.42,1167.38,1102.65,1220.44,1110.06,1179.47,1060.84,1056.27,1085.40,1291.40,1192.75
2021,Merchandise Exports_Other Exports  (Millions of US Dollars),197.11,227.12,257.63,217.50,213.15,240.57,198.64,227.33,212.98,272.28,212.30,219.50
2021,Merchandise Exports_Crude Oil (Millions of US Dollars),268.01,242.20,326.00,313.33,328.52,279.02,417.23,261.37,354.54,318.52,478.61,360.38
2021,Merchandise Exports_Cocoa Products (Millions of US Dollars),84.50,84.71,83.81,85.39,78.28,100.87,110.40,96.15,107.63,83.56,80.47,74.93
2021,Merchandise Exports_Timber and Timber Products (Millions of US Dollars),12.54,15.00,16.41,15.29,13.53,12.34,13.36,12.71,12.53,11.87,13.12,13.26
2021,Merchandise Exports_Cocoa Beans  (Millions of US Dollars),285.55,246.64,236.51,186.46,200.73,113.86,91.33,56.68,48.99,59.24,81.51,160.36
2021,Merchandise Exports_Gold (Millions of US Dollars),507.62,423.57,446.73,430.28,407.10,451.38,384.49,376.13,407.32,381.19,433.30,434.05
2021,Merchandise Exports (f.o.b) (Millions of US Dollars),1355.33,1239.22,1367.09,1248.25,1241.30,1198.05,1215.45,1030.36,1143.98,1126.65,1299.30,1262.48
2020,Merchandise Imports_Oil & Gas  (Millions of US Dollars),215.11,159.66,175.83,118.94,127.03,120.17,163.40,123.85,136.47,215.76,169.43,164.88
2020,Merchandise Exports Less Imports_Trade Balance (Millions of US Dollars),308.90,482.13,58.03,157.24,68.38,69.21,118.58,234.04,198.34,129.83,35.55,392.27
2020,Merchandise Imports_Non-Oil (Millions of US Dollars),913.06,722.72,854.60,972.83,883.74,1126.85,769.50,824.35,834.18,873.28,1021.91,741.01
2020,Merchandise Imports (f.o.b) (Millions of US Dollars),1128.18,882.37,1030.43,1091.77,1010.77,1247.02,932.91,948.21,970.65,1089.04,1191.33,905.88
2020,Merchandise Exports_Other Exports  (Millions of US Dollars),189.08,208.86,222.52,203.55,163.83,211.96,205.84,166.68,169.97,217.94,175.62,163.80
2020,Merchandise Exports_Timber and Timber Products (Millions of US Dollars),10.18,9.40,9.93,6.07,6.43,7.67,12.78,13.14,16.85,12.73,12.87,15.95
2020,Merchandise Exports_Crude Oil (Millions of US Dollars),315.11,366.70,108.15,226.56,162.94,241.82,208.38,298.94,277.27,201.72,211.80,291.23
2020,Merchandise Exports_Cocoa Products (Millions of US Dollars),84.59,72.40,79.46,105.14,67.04,97.89,78.09,67.62,30.05,40.34,63.93,61.41
2020,Merchandise Exports_Cocoa Beans  (Millions of US Dollars),322.38,236.96,180.42,119.78,110.05,66.44,22.10,10.36,2.47,21.46,160.86,226.93
2020,Merchandise Exports_Gold (Millions of US Dollars),515.74,470.17,487.99,587.91,568.87,552.01,524.29,625.51,672.38,724.68,530.70,538.84
2020,Merchandise Exports (f.o.b) (Millions of US Dollars),1437.07,1364.50,1088.46,1249.01,1079.15,1177.81,1051.48,1182.25,1168.99,1218.87,1155.78,1298.16
2019,Merchandise Exports Less Imports_Trade Balance (Millions of US Dollars),85.48,292.75,264.17,393.31,142.54,176.59,9.19,75.31,108.99,38.33,342.36,422.85
2019,Merchandise Imports_Oil & Gas  (Millions of US Dollars),193.51,222.46,259.97,190.92,168.18,239.42,240.25,216.58,147.78,276.29,150.04,114.85
2019,Merchandise Imports_Non-Oil (Millions of US Dollars),1063.33,807.98,827.86,743.29,1098.74,876.94,1082.71,917.44,885.73,1030.36,789.41,866.65
2019,Merchandise Imports (f.o.b) (Millions of US Dollars),1256.84,1030.44,1087.83,934.21,1266.92,1116.36,1322.96,1134.02,1033.51,1306.66,939.44,981.50
2019,Merchandise Exports_Other Exports  (Millions of US Dollars),307.31,236.79,308.01,312.26,327.00,267.50,331.53,230.15,243.56,260.04,256.62,243.63
2019,Merchandise Exports_Timber and Timber Products (Millions of US Dollars),13.90,18.07,15.51,12.14,15.06,12.88,14.03,18.08,11.11,15.28,11.97,10.98
2019,Merchandise Exports_Crude Oil (Millions of US Dollars),348.27,381.70,324.13,348.64,470.09,416.91,443.50,339.86,352.36,404.21,361.29,302.11
2019,Merchandise Exports_Cocoa Beans  (Millions of US Dollars),215.52,211.46,200.96,135.89,92.65,77.73,14.93,1.70,8.10,20.94,177.56,293.93
2019,Merchandise Exports_Gold (Millions of US Dollars),457.32,475.18,503.40,518.57,504.68,517.93,509.79,619.54,527.38,567.85,474.35,553.71
2019,Merchandise Exports (f.o.b) (Millions of US Dollars),1342.32,1323.19,1352.01,1327.51,1409.47,1292.96,1313.77,1209.33,1142.50,1268.32,1281.80,1404.35
2018,Merchandise Imports_Oil & Gas  (Millions of US Dollars),210.82,176.10,273.51,246.13,249.69,152.91,222.48,165.28,200.62,303.36,164.20,215.81
2018,Merchandise Exports Less Imports_Trade Balance (Millions of US Dollars),253.45,259.87,212.79,301.78,239.70,10.13,3.78,141.45,162.18,52.74,200.39,1.80
2018,Merchandise Imports_Non-Oil (Millions of US Dollars),969.67,855.75,848.63,834.77,915.21,866.91,862.15,900.94,815.30,858.29,941.91,883.63
2018,Merchandise Imports (f.o.b) (Millions of US Dollars),1180.48,1031.85,1122.14,1080.89,1164.90,1019.82,1084.64,1066.22,1015.93,1161.64,1106.11,1099.44
2018,Merchandise Exports_Other Exports  (Millions of US Dollars),275.81,271.97,299.43,324.57,328.87,240.62,231.71,239.09,274.75,285.94,273.49,259.41
2018,Merchandise Exports_Crude Oil (Millions of US Dollars),400.05,264.84,387.87,409.76,448.45,220.77,358.17,427.99,460.51,466.57,390.91,337.51
2018,Merchandise Exports_Cocoa Beans  (Millions of US Dollars),232.69,254.93,178.73,137.87,81.43,60.83,30.02,16.20,12.92,18.61,168.36,213.86
2018,Merchandise Exports_Timber and Timber Products (Millions of US Dollars),23.61,19.23,20.44,22.46,19.57,19.50,14.61,19.05,13.81,16.21,16.53,16.44
2018,Merchandise Exports_Gold (Millions of US Dollars),501.78,480.75,448.46,488.00,526.28,467.97,446.34,505.34,416.12,427.05,457.21,270.42
2018,Merchandise Exports (f.o.b) (Millions of US Dollars),1433.93,1291.72,1334.93,1382.67,1404.60,1009.69,1080.85,1207.67,1178.11,1214.39,1306.50,1097.65
2017,Merchandise Exports Less Imports_Trade Balance (Millions of US Dollars),246.42,252.36,413.84,251.34,107.13,142.34,84.80,178.24,87.88,47.01,231.74,225.11
2017,Merchandise Imports_Non-Oil (Millions of US Dollars),871.93,754.67,846.48,708.97,881.18,936.69,842.35,1022.36,907.05,960.25,982.11,941.16
2017,Merchandise Imports_Oil & Gas  (Millions of US Dollars),187.76,221.09,159.81,191.84,158.63,150.42,138.78,185.50,144.15,137.84,127.48,188.85
2017,Merchandise Imports (f.o.b) (Millions of US Dollars),1059.70,975.76,1006.29,900.82,1039.81,1087.11,981.12,1207.86,1051.20,1098.09,1109.59,1130.01
2017,Merchandise Exports_Other Exports  (Millions of US Dollars),198.22,215.93,289.49,214.68,261.21,242.07,228.62,246.70,197.17,236.70,260.27,224.22
2017,Merchandise Exports_Crude Oil (Millions of US Dollars),161.16,217.67,253.70,212.77,188.05,209.19,184.97,304.14,271.33,311.23,421.37,379.54
2017,Merchandise Exports_Timber and Timber Products (Millions of US Dollars),18.81,12.54,10.71,10.35,14.72,22.67,13.34,17.52,17.58,23.67,27.00,26.05
2017,Merchandise Exports_Cocoa Beans  (Millions of US Dollars),319.35,218.42,276.74,276.85,214.06,113.41,36.76,14.77,8.64,15.45,151.83,257.20
2017,Merchandise Exports_Gold (Millions of US Dollars),608.57,563.57,589.47,437.50,468.89,357.43,432.63,446.49,468.60,464.04,480.85,468.11
2017,Merchandise Exports (f.o.b) (Millions of US Dollars),1306.12,1228.12,1420.13,1152.15,1146.94,944.77,896.32,1029.61,963.32,1051.08,1341.33,1355.12
2016,Merchandise Exports Less Imports_Trade Balance (Millions of US Dollars),247.86,149.42,278.74,259.65,299.72,164.81,278.29,165.10,26.88,191.48,4.37,222.05
2016,Merchandise Imports_Oil & Gas  (Millions of US Dollars),141.55,131.87,143.45,142.81,189.22,153.36,194.61,152.80,182.87,144.61,133.80,123.94
2016,Merchandise Imports_Non-Oil (Millions of US Dollars),983.38,899.33,992.99,865.79,989.18,906.41,958.32,1008.11,791.44,935.53,887.93,866.81
2016,Merchandise Imports (f.o.b) (Millions of US Dollars),1124.93,1031.20,1136.44,1008.60,1178.40,1059.77,1152.93,1160.91,974.31,1080.14,1021.73,990.74
2016,Merchandise Exports_Other Exports  (Millions of US Dollars),180.24,223.62,219.63,221.43,272.01,226.98,212.72,245.88,220.30,242.87,225.94,203.02
2016,Merchandise Exports_Crude Oil (Millions of US Dollars),92.07,120.24,0.00,0.00,48.10,147.85,89.91,184.84,89.82,222.95,140.68,208.75
2016,Merchandise Exports_Timber and Timber Products (Millions of US Dollars),17.52,19.17,19.06,30.74,21.19,21.68,23.14,23.83,23.19,20.34,14.91,20.95
2016,Merchandise Exports_Cocoa Beans  (Millions of US Dollars),325.04,248.95,228.98,161.39,148.60,87.55,78.51,21.93,0.72,16.50,272.75,332.38
2016,Merchandise Exports_Gold (Millions of US Dollars),262.19,269.79,390.02,335.40,388.78,410.90,470.36,519.34,667.15,386.01,371.82,447.70
2016,Merchandise Exports (f.o.b) (Millions of US Dollars),877.07,881.79,857.70,748.95,878.69,894.96,874.64,995.82,1001.19,888.67,1026.10,1212.79
2015,Merchandise Exports Less Imports_Trade Balance (Millions of US Dollars),125.70,39.95,218.96,158.08,232.19,166.92,431.58,404.82,389.55,665.00,122.22,188.85
2015,Merchandise Imports_Non-Oil (Millions of US Dollars),1019.60,877.51,908.18,972.00,837.52,866.33,971.29,965.39,952.47,1212.20,903.96,932.00
2015,Merchandise Imports_Oil & Gas  (Millions of US Dollars),150.83,134.24,176.74,196.25,225.32,174.36,187.50,217.23,133.40,184.68,140.83,125.33
2015,Merchandise Imports (f.o.b) (Millions of US Dollars),1170.43,1011.75,1084.92,1168.25,1062.84,1040.69,1158.79,1182.62,1085.87,1396.88,1044.79,1057.33
2015,Merchandise Exports_Other Exports  (Millions of US Dollars),233.84,264.68,274.25,264.33,288.36,260.91,242.74,266.01,201.41,251.41,205.93,243.75
2015,Merchandise Exports_Timber and Timber Products (Millions of US Dollars),15.92,15.31,17.76,17.76,15.32,17.46,19.10,16.95,15.79,18.91,15.99,22.65
2015,Merchandise Exports_Crude Oil (Millions of US Dollars),145.98,150.45,148.70,242.18,181.07,227.87,102.12,181.69,134.23,138.49,171.27,107.23
2015,Merchandise Exports_Cocoa Beans  (Millions of US Dollars),301.83,257.85,238.19,179.08,109.65,74.89,93.25,49.75,49.65,55.26,291.39,270.14
2015,Merchandise Exports_Gold (Millions of US Dollars),347.16,283.51,187.06,306.82,236.25,292.66,269.99,263.40,295.23,267.81,238.00,224.71
2015,Merchandise Exports (f.o.b) (Millions of US Dollars),1044.72,971.80,865.96,1010.16,830.65,873.77,727.21,777.80,696.32,731.88,922.57,868.48
2014,Merchandise Imports_Oil & Gas  (Millions of US Dollars),273.36,388.99,323.96,325.13,242.00,256.31,237.50,327.83,327.41,466.73,256.12,268.60
2014,Merchandise Exports Less Imports_Trade Balance (Millions of US Dollars),231.90,126.43,143.12,95.52,0.97,59.63,88.09,203.64,167.73,410.51,108.86,152.53
2014,Merchandise Imports_Non-Oil (Millions of US Dollars),1073.15,923.92,815.27,908.85,900.42,908.64,856.51,832.64,851.77,931.25,932.54,971.28
2014,Merchandise Imports (f.o.b) (Millions of US Dollars),1346.51,1312.91,1139.23,1233.98,1142.42,1164.95,1094.01,1160.47,1179.18,1397.99,1188.66,1239.89
2014,Merchandise Exports_Crude Oil (Millions of US Dollars),315.46,327.34,310.92,315.26,320.69,433.95,307.56,305.56,288.97,322.45,309.10,167.69
2014,Merchandise Exports_Other Exports  (Millions of US Dollars),226.09,249.68,256.50,271.83,266.11,275.23,223.52,215.97,261.11,263.65,304.53,255.67
2014,Merchandise Exports_Timber and Timber Products (Millions of US Dollars),9.58,9.77,11.50,15.60,17.77,16.84,16.74,16.37,18.37,16.59,16.62,19.29
2014,Merchandise Exports_Cocoa Beans  (Millions of US Dollars),194.65,237.98,271.11,162.53,191.10,152.33,85.86,48.16,44.83,25.35,136.57,298.37
2014,Merchandise Exports_Gold (Millions of US Dollars),368.83,361.72,432.32,373.24,345.79,346.23,372.24,370.77,398.17,359.44,312.98,346.33
2014,Merchandise Exports (f.o.b) (Millions of US Dollars),1114.61,1186.48,1282.35,1138.46,1141.46,1224.58,1005.92,956.83,1011.45,987.48,1079.80,1087.35
2013,Merchandise Exports Less Imports_Trade Balance (Millions of US Dollars),32.37,200.27,86.83,428.85,243.20,338.60,344.34,556.27,485.69,733.06,254.26,144.69
2013,Merchandise Imports_Oil & Gas  (Millions of US Dollars),263.22,353.43,362.17,308.66,292.41,291.16,179.38,344.41,215.48,325.24,322.41,292.47
2013,Merchandise Imports_Non-Oil (Millions of US Dollars),1174.79,1010.16,1074.86,1283.53,1212.56,1126.73,1223.55,1162.62,1192.51,1381.73,1131.34,1075.54
2013,Merchandise Imports (f.o.b) (Millions of US Dollars),1438.01,1363.59,1437.03,1592.18,1504.98,1417.89,1402.93,1507.03,1407.99,1706.98,1453.75,1368.01
2013,Merchandise Exports_Crude Oil (Millions of US Dollars),336.22,340.67,432.04,290.95,300.88,304.70,312.05,333.07,326.90,208.54,394.46,304.84
2013,Merchandise Exports_Other Exports  (Millions of US Dollars),259.79,203.00,225.08,301.19,249.14,283.19,251.48,263.34,266.56,283.64,265.60,271.05
2013,Merchandise Exports_Timber and Timber Products (Millions of US Dollars),12.26,12.74,14.36,14.77,13.13,14.63,13.94,13.73,14.40,13.91,13.85,14.05
2013,Merchandise Exports_Cocoa Beans  (Millions of US Dollars),221.85,183.99,215.10,192.33,192.77,110.88,64.09,40.83,20.28,32.32,88.11,249.50
2013,Merchandise Exports_Gold (Millions of US Dollars),575.52,422.92,463.62,364.09,505.86,365.88,417.03,299.80,294.15,435.51,437.46,383.87
2013,Merchandise Exports (f.o.b) (Millions of US Dollars),1405.64,1163.32,1350.20,1163.33,1261.78,1079.28,1058.59,950.77,922.29,973.91,1199.49,1223.32
2012,Merchandise Exports Less Imports_Trade Balance (Millions of US Dollars),51.40,8.30,59.66,367.39,486.17,478.77,695.06,522.53,420.47,460.01,384.92,384.83
2012,Merchandise Imports_Oil & Gas  (Millions of US Dollars),221.26,228.53,183.65,519.30,342.30,283.25,250.91,332.02,180.93,354.83,182.13,251.68
2012,Merchandise Imports_Non-Oil (Millions of US Dollars),1046.82,1122.45,1315.36,1026.66,1357.24,1218.42,1272.90,1199.55,1104.37,1209.95,1279.74,1268.22
2012,Merchandise Imports (f.o.b) (Millions of US Dollars),1268.08,1350.98,1499.01,1545.96,1699.54,1501.67,1523.80,1531.57,1285.30,1564.78,1461.87,1519.90
2012,Merchandise Exports_Crude Oil (Millions of US Dollars),217.90,234.21,248.02,248.42,232.90,176.35,199.87,319.00,221.85,344.18,211.93,321.44
2012,Merchandise Exports_Other Exports  (Millions of US Dollars),142.71,210.42,277.46,211.42,193.31,272.33,185.05,183.36,220.75,260.13,225.78,226.58
2012,Merchandise Exports_Timber and Timber Products (Millions of US Dollars),8.26,10.39,10.53,9.46,10.94,10.55,10.06,10.97,9.71,12.51,14.52,13.12
2012,Merchandise Exports_Cocoa Beans  (Millions of US Dollars),302.84,361.62,327.63,262.09,213.36,158.37,121.42,83.49,36.24,53.01,119.69,152.93
2012,Merchandise Exports_Gold (Millions of US Dollars),647.76,542.64,575.71,447.18,562.86,405.30,312.35,412.22,376.28,434.94,505.03,421.00
2012,Merchandise Exports (f.o.b) (Millions of US Dollars),1319.47,1359.28,1439.35,1178.57,1213.37,1022.90,828.74,1009.04,864.83,1104.77,1076.95,1135.07
2011,Merchandise Exports Less Imports_Trade Balance (Millions of US Dollars),186.92,70.93,18.94,136.15,215.03,300.86,301.71,68.55,390.28,215.56,707.00,490.96
2011,Merchandise Imports_Oil & Gas  (Millions of US Dollars),235.57,197.61,259.07,262.54,232.13,366.74,210.13,92.17,299.88,268.11,398.25,343.21
2011,Merchandise Imports_Non-Oil (Millions of US Dollars),895.47,761.87,993.62,958.09,1080.60,1105.05,1106.73,1180.38,1210.55,1140.48,1208.84,1030.65
2011,Merchandise Imports (f.o.b) (Millions of US Dollars),1131.04,959.48,1252.69,1220.63,1312.73,1471.79,1316.86,1272.55,1510.43,1408.59,1607.09,1373.86
2011,Merchandise Exports_Crude Oil (Millions of US Dollars),153.44,101.52,227.33,247.83,230.74,226.12,232.78,332.67,220.22,327.02,257.67,223.32
2011,Merchandise Exports_Other Exports  (Millions of US Dollars),161.05,222.17,295.84,243.21,282.17,302.21,274.63,222.00,281.16,335.06,190.28,168.61
2011,Merchandise Exports_Timber and Timber Products (Millions of US Dollars),10.60,15.21,15.17,14.25,14.06,15.06,13.76,16.50,14.33,10.57,13.07,13.87
2011,Merchandise Exports_Cocoa Beans  (Millions of US Dollars),241.01,236.46,273.03,190.32,157.66,172.15,138.10,170.44,111.94,57.40,54.19,131.69
2011,Merchandise Exports_Gold (Millions of US Dollars),378.02,313.19,460.26,388.88,413.07,455.39,355.88,462.39,492.50,462.98,384.88,345.41
2011,Merchandise Exports (f.o.b) (Millions of US Dollars),944.12,888.55,1271.63,1084.48,1097.70,1170.93,1015.15,1204.00,1120.15,1193.03,900.09,882.90
2010,Merchandise Exports Less Imports_Trade Balance (Millions of US Dollars),166.47,154.69,290.46,237.00,218.56,161.65,98.35,415.02,233.30,467.35,149.34,200.31
2010,Merchandise Imports_Oil & Gas  (Millions of US Dollars),172.16,168.27,180.47,212.22,213.74,146.53,97.02,210.00,158.08,218.95,166.80,139.36
2010,Merchandise Imports_Non-Oil (Millions of US Dollars),618.04,585.59,752.21,660.34,685.77,768.75,643.89,806.27,758.57,761.97,772.58,872.21
2010,Merchandise Imports (f.o.b) (Millions of US Dollars),790.20,753.86,932.68,872.56,899.51,915.28,740.91,1016.27,916.65,980.92,939.38,1011.57
2010,Merchandise Exports_Other Exports  (Millions of US Dollars),147.12,170.98,214.05,182.28,213.14,228.68,208.03,215.93,200.81,182.96,236.59,184.82
2010,Merchandise Exports_Timber and Timber Products (Millions of US Dollars),11.82,14.05,17.81,16.87,14.15,15.54,14.98,15.59,15.28,15.44,18.91,19.02
2010,Merchandise Exports_Cocoa Beans  (Millions of US Dollars),201.74,178.33,122.22,147.91,146.04,147.69,105.29,52.38,80.57,9.13,163.42,244.21
2010,Merchandise Exports_Gold (Millions of US Dollars),263.05,235.81,288.14,288.50,307.62,361.72,314.26,317.35,386.69,306.04,371.12,363.21
2010,Merchandise Exports (f.o.b) (Millions of US Dollars),623.73,599.17,642.22,635.56,680.95,753.63,642.56,601.25,683.35,513.57,790.04,811.26
2009,Merchandise Exports Less Imports_Trade Balance (Millions of US Dollars),198.16,190.49,273.44,40.17,157.53,127.42,284.73,226.87,262.62,297.96,136.31,10.85
2009,Merchandise Imports_Oil & Gas  (Millions of US Dollars),88.44,83.85,105.12,97.65,92.08,114.42,150.80,104.79,158.78,244.81,143.72,104.50
2009,Merchandise Imports_Non-Oil (Millions of US Dollars),681.16,563.57,590.15,521.29,554.59,523.92,514.18,503.34,487.46,509.17,516.03,592.43
2009,Merchandise Imports (f.o.b) (Millions of US Dollars),769.60,647.42,695.27,618.94,646.67,638.34,664.98,608.13,646.24,753.98,659.75,696.93
2009,Merchandise Exports_Other Exports  (Millions of US Dollars),131.07,116.05,118.61,160.09,118.76,131.73,136.29,125.92,137.70,153.55,161.22,200.81
2009,Merchandise Exports_Timber and Timber Products (Millions of US Dollars),11.34,14.99,12.87,11.34,14.90,12.87,15.01,18.24,17.03,15.49,15.09,14.99
2009,Merchandise Exports_Cocoa Beans  (Millions of US Dollars),179.06,122.96,161.30,185.75,141.67,120.23,52.49,46.60,38.44,40.96,147.69,185.22
2009,Merchandise Exports_Gold (Millions of US Dollars),249.97,202.93,129.05,221.59,213.81,246.09,176.46,190.50,190.45,246.02,199.44,285.06
2009,Merchandise Exports (f.o.b) (Millions of US Dollars),571.44,456.93,421.83,578.77,489.14,510.92,380.25,381.26,383.62,456.02,523.44,686.08
2008,Merchandise Exports Less Imports_Trade Balance (Millions of US Dollars),417.88,386.65,288.00,340.07,238.00,287.12,490.33,516.62,439.90,409.74,404.04,246.29
2008,Merchandise Imports_Oil & Gas  (Millions of US Dollars),190.38,136.11,255.52,260.10,160.89,118.51,188.68,238.69,123.11,90.95,60.20,11.91
2008,Merchandise Imports_Non-Oil (Millions of US Dollars),633.58,694.60,497.21,601.91,603.17,651.54,786.81,681.45,656.94,692.91,752.75,646.43
2008,Merchandise Imports (f.o.b) (Millions of US Dollars),823.96,830.71,752.73,862.01,764.06,770.05,975.49,920.14,780.05,783.86,812.95,658.34
2008,Merchandise Exports_Other Exports  (Millions of US Dollars),77.12,106.29,82.46,143.13,113.17,151.81,175.52,126.94,135.52,122.04,129.88,117.68
2008,Merchandise Exports_Timber and Timber Products (Millions of US Dollars),22.12,21.23,26.15,24.82,28.84,26.06,24.35,30.05,31.13,36.44,28.17,17.44
2008,Merchandise Exports_Cocoa Beans  (Millions of US Dollars),100.40,118.60,151.58,152.88,187.67,112.31,62.43,67.16,23.87,13.17,82.68,152.34
2008,Merchandise Exports_Gold (Millions of US Dollars),206.44,197.94,204.54,201.10,196.38,192.75,222.86,179.36,149.64,202.47,168.19,124.58
2008,Merchandise Exports (f.o.b) (Millions of US Dollars),406.08,444.06,464.73,521.94,526.06,482.93,485.16,403.52,340.16,374.12,408.91,412.04
2007,Merchandise Exports Less Imports_Trade Balance (Millions of US Dollars),243.66,194.57,191.85,385.25,328.80,105.03,413.85,456.48,412.02,575.06,316.22,227.80
2007,Merchandise Imports_Oil & Gas  (Millions of US Dollars),120.14,126.65,114.32,291.51,178.92,136.30,227.46,199.30,264.80,271.24,62.35,112.28
2007,Merchandise Imports_Non-Oil (Millions of US Dollars),481.97,399.75,428.73,433.54,533.40,346.75,511.46,592.08,468.33,609.21,678.96,484.13
2007,Merchandise Imports (f.o.b) (Millions of US Dollars),602.11,526.40,543.05,725.05,712.32,483.05,738.92,791.38,733.13,880.45,741.31,596.41
2007,Merchandise Exports_Other Exports  (Millions of US Dollars),74.42,96.01,77.92,75.33,100.00,109.76,110.49,100.32,153.33,97.04,187.17,82.75
2007,Merchandise Exports_Timber and Timber Products (Millions of US Dollars),19.32,19.12,22.17,17.17,20.64,22.70,22.62,23.03,17.52,24.16,20.58,19.95
2007,Merchandise Exports_Cocoa Beans  (Millions of US Dollars),107.32,110.38,119.83,104.93,125.81,99.01,55.25,62.71,9.42,7.60,63.93,109.48
2007,Merchandise Exports_Gold (Millions of US Dollars),157.39,106.32,131.28,142.37,137.07,146.55,136.71,148.84,140.84,176.59,153.41,156.43
2007,Merchandise Exports (f.o.b) (Millions of US Dollars),358.45,331.83,351.20,339.80,383.52,378.02,325.07,334.90,321.11,305.39,425.09,368.61
2006,Merchandise Exports Less Imports_Trade Balance (Millions of US Dollars),155.95,272.74,158.68,138.41,196.41,292.44,188.28,317.56,224.24,303.90,234.21,305.69
2006,Merchandise Imports_Oil & Gas  (Millions of US Dollars),86.54,155.50,88.27,86.04,142.45,150.57,153.11,183.58,48.57,54.49,133.47,133.47
2006,Merchandise Imports_Non-Oil (Millions of US Dollars),389.61,395.08,408.93,334.65,385.53,422.86,398.80,496.29,436.27,435.75,507.07,496.69
2006,Merchandise Imports (f.o.b) (Millions of US Dollars),476.15,550.58,497.20,420.69,527.98,573.43,551.91,679.87,484.84,490.24,640.54,630.16
2006,Merchandise Exports_Other Exports  (Millions of US Dollars),102.13,84.92,88.49,91.04,100.28,79.36,114.11,98.37,118.17,48.55,163.95,127.93
2006,Merchandise Exports_Timber and Timber Products (Millions of US Dollars),13.04,17.25,18.78,16.39,18.08,18.10,15.14,18.69,16.07,18.87,17.04,12.03
2006,Merchandise Exports_Cocoa Beans  (Millions of US Dollars),104.14,90.02,123.88,74.81,91.34,84.96,128.33,120.21,28.03,18.59,102.36,74.38
2006,Merchandise Exports_Gold (Millions of US Dollars),100.89,85.65,107.37,100.04,121.87,98.57,106.05,125.04,98.33,100.33,122.98,110.13
2006,Merchandise Exports (f.o.b) (Millions of US Dollars),320.20,277.84,338.52,282.28,331.57,280.99,363.63,362.31,260.60,186.34,406.33,324.47
2005,Merchandise Exports Less Imports_Trade Balance (Millions of US Dollars),161.41,215.15,134.66,179.29,206.67,212.35,225.32,307.16,224.54,280.74,241.61,203.82
2005,Merchandise Imports_Oil & Gas  (Millions of US Dollars),33.35,95.27,80.53,21.91,98.08,122.16,90.36,131.86,47.87,118.61,107.03,119.22
2005,Merchandise Imports_Non-Oil (Millions of US Dollars),303.92,315.97,328.94,363.49,323.63,328.16,351.86,433.40,418.90,324.80,342.38,378.11
2005,Merchandise Imports (f.o.b) (Millions of US Dollars),337.27,411.24,409.47,385.40,421.71,450.32,442.22,565.26,466.77,443.41,449.41,497.33
2005,Merchandise Exports_Other Exports  (Millions of US Dollars),20.93,2.34,67.60,45.59,27.33,59.49,71.21,88.65,132.70,47.42,72.14,79.24
2005,Merchandise Exports_Timber and Timber Products (Millions of US Dollars),13.70,15.42,21.47,21.79,20.82,19.26,20.94,19.40,19.15,19.32,19.32,16.70
2005,Merchandise Exports_Cocoa Beans  (Millions of US Dollars),70.74,119.15,97.20,64.32,94.43,74.86,61.90,62.60,15.12,17.24,37.65,103.24
2005,Merchandise Exports_Gold (Millions of US Dollars),70.50,63.85,88.54,74.41,72.46,84.37,62.84,87.46,75.25,78.68,78.68,94.34
2005,Merchandise Exports (f.o.b) (Millions of US Dollars),175.86,196.09,274.81,206.11,215.04,237.97,216.90,258.11,242.23,162.66,207.80,293.51
